{
    "Potencia Fija": {
        "con": {
            "vol_penal": 0.0,
            "curr_penal": 0.0,
            "losses": 112.76301800163797,
            "react_penal": 44.44525136258193,
            "coste_tec": 157.20826936421992,
            "c_cables": 133.18380511525748,
            "c_gis": 0.3971,
            "c_trafo": 4.83213444306391,
            "c_reactores": 4.15048641303032,
            "c_subest": 46.884,
            "coste_inv": 189.4475259713517
        },
        "sin": {
            "vol_penal": 80.09020657771522,
            "curr_penal": 186.6868182668159,
            "losses": 198.7307792967664,
            "react_penal": 530.3464035434545,
            "coste_tec": 995.8542076847519,
            "c_cables": 133.18380511525748,
            "c_gis": 0.3971,
            "c_trafo": 4.83213444306391,
            "c_reactores": 0.0,
            "c_subest": 46.884,
            "coste_inv": 185.2970395583214
        }
    },
    "Potencia Variable Media": {
        "con": {
            "vol_penal": 2.4998033112811235,
            "curr_penal": 0.0,
            "losses": 45.96636875462635,
            "react_penal": 112.72788539359091,
            "coste_tec": 161.1940574594984,
            "c_cables": 133.18380511525748,
            "c_gis": 0.3971,
            "c_trafo": 7.034121620204834,
            "c_reactores": 16.5905259365744,
            "c_subest": 18.037396018205257,
            "coste_inv": 175.24294869024197
        },
        "sin": {
            "vol_penal": 161.17304450862892,
            "curr_penal": 0.0,
            "losses": 481.3518461680948,
            "react_penal": 716.6476923608915,
            "coste_tec": 1359.1725830376151,
            "c_cables": 133.18380511525748,
            "c_gis": 0.3971,
            "c_trafo": 7.034121620204834,
            "c_reactores": 0.0,
            "c_subest": 18.037396018205257,
            "coste_inv": 158.65242275366757
        }
    },
    "Potencia Variable": {
        "con": {
            "vol_penal": 92.80101349358716,
            "curr_penal": 0.0,
            "losses": 106.92058987668109,
            "react_penal": 54.72687943556326,
            "coste_tec": 254.44848280583153,
            "c_cables": 133.18380511525748,
            "c_gis": 0.39709999999999995,
            "c_trafo": 6.706543773698142,
            "c_reactores": 16.590511701463598,
            "c_subest": 25.834384045556874,
            "coste_inv": 182.71234463597608
        },
        "sin": {
            "vol_penal": 192.36659065577024,
            "curr_penal": 0.0,
            "losses": 332.03836176724633,
            "react_penal": 403.7995406033891,
            "coste_tec": 928.2044930264055,
            "c_cables": 133.18380511525748,
            "c_gis": 0.39709999999999995,
            "c_trafo": 6.706543773698142,
            "c_reactores": 0.0,
            "c_subest": 25.834384045556874,
            "coste_inv": 166.1218329345125
        }
    }
}