{
    "Potencia Fija": {
        "con": {
            "vol_penal": 0.0,
            "curr_penal": 56.4675505927366,
            "losses": 114.93618729935386,
            "react_penal": 5.96377055671411,
            "coste_tec": 177.36750844880459,
            "c_cables": 133.18380511525748,
            "c_gis": 0.3971,
            "c_trafo": 4.304771278737529,
            "c_reactores": 3.319284494890553,
            "c_subest": 46.884,
            "coste_inv": 188.08896088888554
        },
        "sin": {
            "vol_penal": 97.64890352223637,
            "curr_penal": 276.89697111144335,
            "losses": 205.85312930966427,
            "react_penal": 549.1773559283018,
            "coste_tec": 1129.5763598716458,
            "c_cables": 133.18380511525748,
            "c_gis": 0.3971,
            "c_trafo": 4.304771278737529,
            "c_reactores": 0.0,
            "c_subest": 46.884,
            "coste_inv": 184.76967639399498
        }
    },
    "Potencia Variable Media": {
        "con": {
            "vol_penal": 4.822411076422695,
            "curr_penal": 0.0,
            "losses": 47.282746290837736,
            "react_penal": 113.26524681313046,
            "coste_tec": 165.3704041803909,
            "c_cables": 133.18380511525748,
            "c_gis": 0.3971,
            "c_trafo": 6.238779155871113,
            "c_reactores": 4.150525160625997,
            "c_subest": 18.037396018205257,
            "coste_inv": 162.00760544995984
        },
        "sin": {
            "vol_penal": 178.86652853459816,
            "curr_penal": 0.0,
            "losses": 514.1830812771374,
            "react_penal": 742.0759849237915,
            "coste_tec": 1435.125594735527,
            "c_cables": 133.18380511525748,
            "c_gis": 0.3971,
            "c_trafo": 6.238779155871113,
            "c_reactores": 0.0,
            "c_subest": 18.037396018205257,
            "coste_inv": 157.85708028933385
        }
    },
    "Potencia Variable": {
        "con": {
            "vol_penal": 86.30759657227652,
            "curr_penal": 0.0,
            "losses": 101.49097475619608,
            "react_penal": 58.412928606556235,
            "coste_tec": 246.21149993502883,
            "c_cables": 133.18380511525748,
            "c_gis": 0.39709999999999995,
            "c_trafo": 5.726096831068339,
            "c_reactores": 16.59051422463478,
            "c_subest": 25.834384045556874,
            "coste_inv": 181.73190021651746
        },
        "sin": {
            "vol_penal": 203.14961597364965,
            "curr_penal": 0.0,
            "losses": 339.00782264158767,
            "react_penal": 417.23826147623254,
            "coste_tec": 959.3957000914698,
            "c_cables": 133.18380511525748,
            "c_gis": 0.39709999999999995,
            "c_trafo": 5.726096831068339,
            "c_reactores": 0.0,
            "c_subest": 25.834384045556874,
            "coste_inv": 165.14138599188266
        }
    }
}